國家/地區別,總計(千美元),1.活動物；動物產品(千美元),2.植物產品(千美元),3.動植物油脂(千美元),4.調製食品；飲料及菸酒(千美元),5.礦產品(千美元),6.化學品(千美元),7.塑膠、橡膠及其製品(千美元),8.毛皮及其製品(千美元),9.木及木製品(千美元),10.紙漿；紙及其製品；印刷品(千美元),11.紡織品(千美元),12.鞋、帽及其他飾品(千美元),13.非金屬礦物製品(千美元),14.珠寶及貴金屬製品(千美元),15.基本金屬及其製品(千美元),16.機械及電機設備(千美元),17.運輸工具(千美元),18.光學及精密儀器；鐘錶；樂器(千美元),19.其他(千美元)
90年,28128251,199717,29192,4678,125710,95241,266266,1222438,84884,96120,64555,2182416,176137,131504,14581,2924903,16823401,1347010,791974,1547523
90年 1月,2363807,13964,1857,367,7382,10007,20077,102363,7237,8190,4768,150901,15999,13361,1147,264959,1416449,110744,66351,147684
90年 2月,2202521,12343,2480,246,7869,9302,20665,90133,5465,5464,4767,133619,13037,8650,669,209906,1390488,104765,67377,115278
90年 3月,2650755,23401,2312,255,11430,9704,25370,107058,7267,7692,6217,160884,14255,11037,1399,253008,1685422,114520,71691,137835
90年 4月,2419329,23488,2358,386,13166,18766,24049,103068,8324,8561,5313,154068,13277,10624,1312,256978,1442953,123985,68921,139731
90年 5月,2334234,12162,2662,457,13934,10294,28289,113742,7973,8907,6251,182177,14291,11386,1442,260686,1341814,110753,71337,135679
90年 6月,2416978,12517,3634,396,16131,13766,24926,104267,7541,7821,5357,208311,17870,11584,1643,226296,1453451,114041,65049,122377
90年 7月,2334338,16697,3656,363,8936,1184,21436,101723,6817,8146,5208,226924,15024,10968,903,240477,1380118,106970,57612,121176
90年 8月,2312608,13451,2254,287,8704,12236,22015,105106,6680,9540,5745,244202,15245,12121,1258,251548,1304138,105558,68350,124169
90年 9月,2017553,17926,1407,300,7006,1029,18985,88533,7267,7756,4507,197047,13311,9473,831,217461,1151788,102425,52950,117554
90年 10月,2690877,16762,2451,589,10982,8385,24673,116450,8270,10352,6309,214003,14502,12764,1233,283816,1607519,128321,79829,143665
90年 11月,2170755,18176,2162,445,9141,496,17314,90302,6447,7402,5122,138104,12557,9675,949,215217,1347006,106247,64669,119324
90年 12月,2214497,18831,1960,587,11030,72,18469,99694,5594,6291,4991,172177,16770,9862,1796,244551,1302254,118682,57838,123049
91年,27373955,173365,31517,5091,112736,87688,255166,1322706,51535,89191,73661,2043272,154472,148560,18985,3011135,15848551,1479124,933493,1533706
91年 1月,2091784,14786,2171,349,8257,106,17254,103242,4111,6065,4177,135791,13661,11112,1276,238833,1238035,109665,60347,122545
91年 2月,1749866,11738,1465,225,5518,638,20312,87380,2907,5308,4200,122774,10518,8864,801,175857,1061396,81138,52317,96510
91年 3月,2344056,17566,2823,587,9435,4817,22626,114006,4333,7023,6456,138446,12489,13054,1740,234508,1422376,119471,79980,132319
91年 4月,2285074,18644,2709,518,8302,8102,25543,119394,4307,8740,6845,145663,11225,13533,1991,252085,1313328,122225,75574,146346
91年 5月,2277527,13195,2793,447,9898,438,19204,125662,5418,7963,6049,171598,14390,13374,2037,272708,1268508,128140,74796,140908
91年 6月,2425861,13253,4348,626,15701,8133,17273,114608,5107,8596,6462,191196,14128,13283,1170,251539,1434821,127778,72774,125065
91年 7月,2573633,12766,4369,129,9808,26200,22485,122460,5561,8507,7484,237189,15663,14458,1402,281571,1440511,137448,89393,136229
91年 8月,2332056,12793,2503,367,9013,14147,21690,108937,4168,8642,6280,209906,14127,12714,1429,246496,1339436,128798,72292,118320
91年 9月,2378641,15505,1697,393,8249,1962,22147,107016,4631,7962,6468,200836,14508,12910,2333,267443,1359751,121973,91668,131188
91年 10月,2234375,15916,2077,392,7814,1064,20497,99252,3349,7249,6515,165032,9658,11206,1754,252152,1297762,128187,86178,118323
91年 11月,2449129,15128,2638,553,11844,22054,25607,114054,4269,7440,7135,155147,11161,12763,1357,273426,1409715,139208,95561,140069
91年 12月,2231952,12075,1923,505,8897,28,20530,106695,3376,5695,5590,169694,12943,11289,1694,264516,1262911,135094,82612,125885
92年,26571270,160075,31294,4482,106961,73802,304977,1361035,41055,80148,85019,1894880,141074,140198,21634,2930214,15190985,1598773,897344,1507321
92年 1月,1992403,12562,1595,195,7823,6477,24923,101031,2924,5679,4927,129446,11513,10450,1081,239936,1127823,118785,66345,118889
92年 2月,1870111,12953,1929,228,6642,19898,22567,91546,2881,5544,4676,121943,7988,7646,982,189606,1107447,101513,68115,96007
92年 3月,2320969,14711,2505,581,10108,1222,25630,128629,4018,8099,7595,145707,10927,11946,1651,277996,1303533,146825,83609,135677
92年 4月,2236754,11409,2431,638,10691,12112,25737,131330,3664,7818,8064,142023,10759,12333,1694,276565,1215778,146931,87314,129463
92年 5月,2099195,10074,2461,310,13750,7013,26787,121500,3804,6808,7738,133109,10967,11453,1223,244538,1174023,127260,72506,123871
92年 6月,2176339,13158,3781,241,8024,1557,25484,114241,3708,7076,8090,159918,12804,12925,1997,234150,1231096,135415,79529,123145
92年 7月,2287777,15097,3374,269,6792,8529,26893,116905,3805,6914,8106,201160,14516,12555,1380,250657,1264665,139010,74993,132156
92年 8月,2265709,12385,2867,369,7907,12947,26744,106152,3302,6497,8235,199665,14248,11069,1288,233670,1302093,131626,71868,112777
92年 9月,2346856,14699,2372,634,7745,1395,22789,109860,2994,7387,6961,196622,11772,11877,1582,240911,1370380,131401,75150,130325
92年 10月,2296672,15427,2204,310,8310,1267,23949,111352,3557,5996,7068,156870,10934,12460,1950,246316,1345118,144633,72206,126746
92年 11月,2261049,15351,2894,225,10237,23,26927,106740,3009,5768,6997,133317,11029,12081,2009,229656,1346997,135528,69753,142509
92年 12月,2417437,12248,2881,482,8932,1363,26548,121749,3389,6562,6564,175099,13617,13403,4796,266214,1402031,139847,75956,135756
93年,28809375,181429,33481,5472,105090,370000,357699,1487530,46034,90364,86140,1819661,144725,175670,31182,4146488,15469764,1826009,892774,1539861
93年 1月,1930117,12088,1856,431,7050,1169,26903,104269,3303,5554,5389,130769,9706,11239,1038,240561,1078650,118176,54721,117245
93年 2月,1922261,11127,2196,306,6853,2621,24935,107571,2670,6207,5382,123473,10267,9995,1610,218427,1109387,114799,60161,104274
93年 3月,2473595,17228,2803,857,9536,24764,28739,139279,4382,7228,7159,152369,12516,14246,2420,314356,1365337,151693,78111,140572
93年 4月,2170631,16268,2361,566,8938,17271,24379,121213,3752,8085,6686,127340,10967,13730,1787,293263,1159108,150254,73951,130711
93年 5月,2593327,16256,3525,195,10138,52146,31142,140144,3450,7020,8146,156689,14656,15768,1512,365376,1367034,178049,80351,141730
93年 6月,2510666,17564,4346,526,8356,25733,28504,134769,4227,8128,7893,173835,13278,16046,3537,382172,1323283,146754,80787,130928
93年 7月,2470245,14586,3340,325,11263,25594,37466,123844,4374,7310,7914,184880,14444,15548,2231,395601,1262011,157048,80120,122346
93年 8月,2565527,17067,2708,512,8754,36066,34297,131958,3896,9040,7439,181936,16080,17066,2014,421574,1306257,165701,83580,119582
93年 9月,2499271,17768,2304,394,6398,47179,30278,121332,3813,8317,8097,167056,12431,16461,3359,384052,1319998,152796,70026,127210
93年 10月,2534651,12992,2482,443,8076,79145,32065,115715,4350,8461,6845,139175,11773,15187,4471,384314,1357806,147526,79267,124557
93年 11月,2616993,14225,3168,460,9998,37636,28913,125958,4151,8244,7570,133833,8892,15937,3758,362134,1460761,170209,76413,144734
93年 12月,2522091,14260,2392,458,9729,20676,30078,121478,3668,6770,7619,148306,9714,14446,3444,384658,1360132,173005,75286,135971
94年,29162882,162937,36333,6054,114344,532222,454283,1665490,42214,80361,80022,1553622,105986,173931,47642,4015131,15389866,2124787,995688,1581969
94年 1月,2319906,15140,3142,483,9526,4248,37702,125801,3757,6702,6181,140703,9307,14329,4973,340887,1221316,162270,71104,142334
94年 2月,1891436,8824,1766,309,7159,36559,28322,105528,2528,5729,5321,102643,6568,11048,2291,275137,994119,131665,53531,112388
94年 3月,2555008,14893,2532,557,9644,37203,34828,147557,3700,7125,7349,132761,9510,13952,3476,366524,1347862,175158,79379,160997
94年 4月,2239807,17701,3044,591,9421,7178,35235,127577,3398,7048,5707,108570,8376,13310,3413,326431,1186903,177581,72979,125345
94年 5月,2616638,14696,3455,726,15587,24448,37821,148275,3537,8339,8396,131392,9797,16458,3871,371087,1390997,196621,86480,144652
94年 6月,2433743,14496,3930,515,9771,37489,36964,138989,3875,7058,7132,135682,8562,15207,3643,336620,1290368,171237,82353,129853
94年 7月,2432714,13439,3772,588,8342,33143,32702,129013,2988,6287,7253,151599,8966,15014,4163,325529,1279621,192164,95056,123075
94年 8月,2579588,12467,3342,393,8669,10474,41825,144779,4320,7420,7424,159336,12403,15609,2742,353084,1377443,199043,87379,131436
94年 9月,2362296,13830,3014,385,8060,52153,32729,129966,3073,5793,6517,137691,8732,14488,2182,298153,1262206,177232,89666,116426
94年 10月,2572982,12279,2839,616,9624,56845,39232,148007,3708,7157,6558,122134,8135,15638,2840,335756,1380245,191973,96878,132521
94年 11月,2677884,13286,2626,528,9160,158652,50900,184862,3715,6730,6803,117805,8756,16493,7476,347736,1337342,172693,95784,136536
94年 12月,2480880,11887,2872,363,9382,73830,46022,135136,3615,4972,5380,113305,6873,12385,6574,338187,1321444,177150,85098,126405
95年,32474639,178400,41188,6502,119084,586665,532577,1641114,44587,81915,95636,1418823,87819,198030,159487,5026278,17296157,2160564,1288073,1511739
95年 1月,2624735,19198,2967,592,6951,147597,49686,139034,4534,6864,6053,117733,6984,15674,10952,393789,1296216,186088,85787,128037
95年 2月,2071593,14691,2567,340,6982,9572,39862,112928,2995,5129,4748,94159,4505,12296,6236,321690,1125569,139041,77540,90743
95年 3月,2624918,11803,4285,411,10629,6769,47777,150319,3138,6691,7086,110998,6939,16199,18322,385421,1449720,172174,92344,123892
95年 4月,2837915,16017,3399,854,12768,81153,44970,146537,3636,7503,7996,113659,7504,17547,7445,413562,1495077,223555,103481,131251
95年 5月,2865627,13347,4042,440,11013,34816,51867,153882,3873,7798,9861,120047,8645,20425,6600,464187,1505941,183831,128408,136605
95年 6月,2583253,16033,3485,491,14902,36943,35219,127416,3368,6492,10997,116220,7902,17061,10997,393534,1368370,186081,110216,117526
95年 7月,2993459,15605,4969,656,10050,76632,45553,134231,3778,8072,9725,143072,10222,19250,17762,462877,1580814,196756,124680,128758
95年 8月,3001889,17373,2590,462,9726,76403,49988,145500,3682,7387,9610,131752,8842,17967,26729,474237,1582835,189122,120107,127575
95年 9月,2872930,16069,2701,618,8753,78370,41874,132395,3369,7795,7493,136444,7637,16351,12157,449821,1553645,164057,109789,123591
95年 10月,2808611,12735,2924,629,9382,5244,36637,138824,4335,7232,7729,121506,6525,15574,21877,494873,1491755,180871,113154,136806
95年 11月,2615902,13543,3947,438,9394,1995,43566,127950,3994,5595,7113,103584,5465,14137,9795,409842,1439405,173383,102992,139763
95年 12月,2573806,11985,3312,572,8535,31170,45578,132098,3886,5357,7225,109648,6651,15549,10614,362446,1406809,165606,119574,127191
96年,32130276,158227,46856,8151,126877,707645,537524,1676913,40325,67233,121330,1296682,75828,203482,285152,4705599,17209796,2263323,1089483,1509849
96年 1月,2681270,11702,3429,545,9124,52111,37869,142688,3976,5686,7681,113599,7610,17512,23501,450095,1362621,195252,100656,135611
96年 2月,2232030,9515,2315,539,8001,47103,27403,117853,3352,4423,6988,100421,5418,12924,25027,343157,1167354,153055,87944,109237
96年 3月,2450723,9163,3717,842,9001,38812,43414,135370,2564,4130,9887,104446,4384,16831,19882,354356,1328526,170303,83593,111502
96年 4月,2637297,12660,3304,781,15567,49005,47808,150793,3255,5600,12723,105812,4904,17002,13132,413014,1391584,178217,84241,127895
96年 5月,2673696,13599,5836,794,12198,28106,44748,161128,3236,6725,13910,108741,5869,16682,27678,434809,1386854,185671,88012,129101
96年 6月,2703724,15048,3854,501,10486,173246,41838,138511,3216,5415,11059,106729,5967,17900,8584,440917,1332172,194744,78415,115119
96年 7月,2934215,16240,5111,535,11695,95418,51905,157157,3712,6337,13286,130190,8377,19426,34439,446296,1482793,219382,95485,136432
96年 8月,2653044,13620,3455,538,9200,72900,43266,132573,2948,5733,9753,112411,8171,17517,15931,409733,1394952,184495,89071,126777
96年 9月,2637997,10706,4198,820,8976,85241,45637,133602,4004,6028,8879,113802,7391,16800,35961,335782,1418394,194483,88763,118530
96年 10月,2905655,17939,3781,976,10787,13003,56438,143465,3673,6434,9378,110236,6183,18329,25253,354373,1671013,219673,95981,138739
96年 11月,2775515,13005,4019,579,9854,42246,36495,126768,3231,4789,8930,89098,5193,16252,32990,318205,1670492,159192,105788,128389
96年 12月,2845110,15029,3837,700,11989,10454,60703,137004,3156,5934,8854,101198,6361,16309,22774,404862,1603040,208856,91535,132516
97年,30883569,165815,48921,8787,143985,408740,691919,1795795,43895,53493,117880,1144580,100892,189501,292184,4691818,16068467,2376090,997045,1543759
97年 1月,2656184,12484,3419,1239,11802,36636,52512,138439,2991,5240,9206,105140,5546,16034,17868,408790,1407367,208121,82290,131060
97年 2月,2051882,8361,2887,665,7973,46307,54216,109592,2933,4308,6546,76749,4243,11800,21153,276509,1095258,158611,69211,94557
97年 3月,2634135,10955,3609,864,15844,5113,53315,155836,3464,4691,10405,94072,6563,17102,35751,391694,1408454,190336,100971,125097
97年 4月,2703202,13890,4083,780,14953,3735,68291,160921,3542,5528,11725,101338,12083,17602,18430,416693,1412087,216571,85999,134950
97年 5月,2570614,16715,3955,436,13215,84732,45873,145708,3559,4649,12177,91403,7359,15443,35303,392898,1305061,184855,81990,125284
97年 6月,2638331,20131,3969,590,16053,35634,57427,163793,4001,5259,10939,98918,7991,18035,46647,407341,1338360,184301,87483,131458
97年 7月,2762264,15889,5336,700,11779,3342,75476,172988,4171,4841,10499,119903,10895,18723,49505,445861,1367093,225894,79421,139949
97年 8月,2963219,15156,3883,495,10046,37706,65375,164459,4007,5371,8907,109088,11407,17338,28683,447593,1585816,216731,93347,137810
97年 9月,2760128,14897,4686,455,9893,48630,70206,173443,4196,3739,9383,108730,10748,16169,12818,416562,1424086,205783,79632,146075
97年 10月,2577637,13789,5386,1000,9292,37197,62577,157506,3745,3821,9840,88670,8477,15939,12775,401993,1330250,188617,88811,137953
97年 11月,2387028,12795,4916,736,11833,46647,42090,137250,3818,3113,9343,72666,7735,12621,7396,337862,1291211,179799,76607,128592
97年 12月,2178946,10754,2793,828,11303,23064,44563,115860,3469,2934,8909,77904,7845,12695,5854,348022,1103423,216472,71281,110974
98年,23619884,142081,52878,11312,138461,514320,551625,1315685,38764,30889,102340,846756,78039,168987,102442,2734126,12739472,2003568,788662,1259477
98年 1月,1950364,11701,3999,528,7434,22302,41804,97764,3665,2615,6977,81749,6641,10355,5653,259825,1028119,189839,68547,100848
98年 2月,1540560,11209,3483,475,7830,22568,52110,77735,2297,1922,6728,51912,3591,9445,5749,168568,848624,152887,45820,67607
98年 3月,2051414,11884,3770,934,12997,61384,47947,114302,3633,2545,9854,74271,6253,15325,5144,245027,1070618,201066,60997,103463
98年 4月,1791659,9957,4254,1169,12230,28013,35269,96729,2632,2875,9316,63648,4654,13522,7718,203525,981486,161316,60512,92833
98年 5月,1855855,10603,4671,931,12814,20215,43523,107148,2926,2205,9990,63575,6330,13308,5758,204724,1017622,167056,65796,96658
98年 6月,1871560,11409,3948,948,11950,51022,39693,109144,4006,2362,9999,72906,7638,13156,9632,212388,1002905,148237,62861,97356
98年 7月,1965966,11836,5669,984,12955,61869,39029,116151,3725,2896,8219,81828,7965,16559,16778,223733,1013854,170456,63175,108286
98年 8月,1945761,11782,4179,1065,12012,75696,37989,112498,3151,2639,7123,79207,8098,14355,11700,216797,1001758,171465,66416,107833
98年 9月,1983098,16038,4268,970,12320,51615,53207,122561,3435,2782,9319,75697,8371,16472,6101,242133,1006439,167304,63444,120624
98年 10月,2150961,12303,4142,546,10644,30272,56792,119125,2929,2614,7846,69452,6499,15341,8745,247649,1208363,160292,70270,117135
98年 11月,2247901,13499,5491,1236,12362,27576,52660,114076,3249,2553,8181,63555,5801,15535,11197,238966,1321772,149203,81898,119092
98年 12月,2264784,9861,5003,1526,12911,61789,51600,128453,3116,2882,8787,68957,6199,15615,8266,270792,1237914,164447,78925,127741
99年,31566001,146246,61208,13893,158633,493551,817980,1833331,44177,34526,121972,983377,81045,219106,125002,3951312,17525795,2262830,1058495,1633520
99年 1月,2214608,12448,4616,1347,12912,25996,51814,123983,3567,3431,8128,75202,5561,15377,8510,270312,1243446,160820,69636,117504
99年 2月,1903209,9360,4104,838,8485,3429,43812,111880,2912,1960,6861,64323,4581,12413,6859,243105,1068959,146898,62869,99562
99年 3月,2453027,9979,5195,1074,14842,36273,86120,157137,2751,3065,10790,82094,5450,18534,13050,319227,1306889,180788,78221,121544
99年 4月,2331794,9000,4874,1110,15348,28566,76611,153930,2892,2842,9528,74543,6034,17802,9428,287819,1255447,169427,76335,130259
99年 5月,2661703,13684,5019,1682,15388,38192,58283,165848,3547,3339,11260,84960,6662,19115,9413,378153,1407984,207666,93005,138503
99年 6月,2872212,13041,6474,1072,13190,53622,66136,177725,4508,3196,13065,95187,6858,20178,5505,372086,1596720,194896,88137,140617
99年 7月,2886760,13610,5142,830,11805,80556,101801,169578,3850,3674,11263,96847,8138,21544,7053,346588,1568538,208610,91232,136102
99年 8月,2937439,11893,4734,991,12083,91174,71987,177623,4029,2550,11720,96428,9802,20265,6946,375732,1572895,207840,103664,155083
99年 9月,2735168,11743,4692,1082,12067,28911,66442,143179,4288,3106,9907,78563,7447,18309,10829,333520,1563213,209280,84892,143699
99年 10月,2891865,14285,5215,1636,12796,2648,77214,144038,3744,2767,9832,77090,6615,17539,10866,319930,1741411,190811,98324,155102
99年 11月,2964879,13212,6342,1009,14590,71158,59929,151431,4099,2431,9708,72115,7187,19118,16708,340437,1723602,186308,109458,156037
99年 12月,2713337,13991,4802,1222,15127,33025,57833,156978,3990,2165,9910,86024,6712,18912,19835,364402,1476691,199488,102724,139507
100年,36450635,159409,70929,14488,187352,294404,869663,2095109,54540,41169,130305,971852,88417,247067,148589,4637698,20888944,2540486,1292789,1717424
100年 1月,2786466,12477,4539,1144,13315,4144,74527,164291,4259,2924,8466,85796,7587,17846,14216,351595,1581638,204365,89957,143381
100年 2月,2365423,8203,3552,743,9240,6541,56479,134212,2231,1601,7956,62581,4750,15197,8347,271793,1429352,160612,82363,99671
100年 3月,2970775,11424,6595,1241,18868,5937,72648,192072,4356,3444,10674,83443,6850,19403,10513,408569,1647616,217790,106936,142397
100年 4月,3242946,9179,5808,1190,17313,57381,81536,180402,3829,4047,10454,79697,6141,19456,10925,382496,1918400,202259,117908,134523
100年 5月,3445298,12488,5794,1138,20621,264,82873,203792,5986,3519,13878,82241,7419,22597,19977,454677,2020200,212314,121785,153734
100年 6月,3297046,18341,5914,1747,16139,40317,66519,179892,4551,3429,12713,90657,8877,21636,8799,395605,1932131,230311,115316,144153
100年 7月,3534706,15163,7236,1369,14474,53984,75683,183912,4679,3489,11383,92565,8333,23744,16792,390110,2167573,225077,99532,139609
100年 8月,3121922,18823,5428,1102,14026,2885,78866,180807,4485,4027,11670,89451,9129,22994,10798,443084,1717680,231505,121422,153743
100年 9月,2833399,12094,6710,1576,13869,37378,63980,154678,4350,3740,10282,83878,7349,20001,12452,359416,1587960,206474,112982,134231
100年 10月,3234335,14372,6475,1018,15881,49366,70905,170051,5304,4095,11005,72463,6976,23285,14155,391664,1882838,217222,111033,166227
100年 11月,2876102,15580,7792,1260,17604,22093,72273,177487,5262,3513,11727,74142,7533,20682,10898,397696,1554321,211449,106021,158769
100年 12月,2742217,11265,5086,959,16000,14114,73375,173516,5248,3342,10097,74938,7474,20227,10719,390992,1449235,221110,107534,146987
101年,33119861,155397,75486,17229,205733,293124,968751,2223233,63354,39145,160116,943647,86148,250737,118039,5005651,16608238,2815715,1254279,1835837
101年 1月,2474172,13444,5328,1698,14394,8698,73091,177816,5580,3551,9380,87055,6916,20939,7618,441004,1136245,223965,93082,144369
101年 2月,2342800,11361,6014,1241,14058,8880,101772,166560,3420,2197,9473,67255,5216,19244,7376,344604,1171842,193477,91791,117020
101年 3月,2739695,13135,5511,1707,17100,60164,91809,203919,4700,3211,12307,79388,7206,22147,9147,429142,1315013,222244,90274,151572
101年 4月,2709747,13164,5605,1226,16640,165,70561,207389,5580,3631,13846,76189,6837,19517,10943,438986,1340066,229364,102822,147216
101年 5月,3025167,15186,6848,1889,20569,10918,82863,208814,6027,3595,17641,87156,8462,23797,6613,473338,1514661,245421,119327,172043
101年 6月,2838847,12880,5979,1470,17505,19507,72805,184292,4918,3169,15004,83583,8565,23321,6625,418943,1483541,226441,100480,149818
101年 7月,2852123,15294,5893,1171,16543,5497,78646,183841,5793,3511,15944,82897,9160,21869,10178,405578,1478697,253566,106426,151618
101年 8月,2860350,14076,5961,1237,16533,42800,80760,183893,5593,3519,15061,86960,7921,22592,9477,435499,1426336,238141,110331,153660
101年 9月,2918800,13238,7311,1603,18024,83303,83313,171396,5013,3618,13720,80891,8814,21142,11365,426657,1423902,278950,107463,159075
101年 10月,2934879,13062,7848,1478,18714,5324,82740,192027,5975,3170,13553,74644,5528,19828,13998,431245,1498760,257694,116322,172968
101年 11月,2712645,9597,7116,1071,18456,44621,69604,162023,5501,3007,12197,63880,5184,18144,8709,359818,1437292,213543,105748,167131
101年 12月,2710637,10959,6072,1437,17197,3247,80786,181263,5254,2966,11988,73750,6337,18196,15990,400837,1381884,232911,110213,149348
102年,32630181,129658,82754,16190,224116,31818,929606,2274766,57964,40928,163468,905308,74446,265348,136150,4933847,16356427,2808336,1372396,1826654
102年 1月,2552153,12186,6130,1067,17302,2052,75508,192486,5454,2818,11745,82143,5708,22189,12754,417787,1197600,240340,93896,152986
102年 2月,2059502,6886,4462,1236,11761,11803,69029,147857,4155,2468,8960,55191,4588,17128,5792,321263,1013065,181631,79210,113016
102年 3月,2678750,9166,6852,1751,20327,1073,86297,198025,4463,3010,14076,70495,5271,21679,9683,417618,1301614,247100,118237,142013
102年 4月,2839661,8852,6821,970,18979,2285,71426,194790,5323,3795,14326,75095,5416,22021,8136,422049,1478838,229990,121751,148799
102年 5月,2987829,11239,6504,1921,23193,2395,82477,217212,5420,3694,17814,78401,8159,25460,8884,430191,1538776,241011,129685,155396
102年 6月,2749459,11229,6988,1599,20379,1388,86038,196032,5319,3669,16587,83881,6076,22772,12602,400653,1398335,214572,119458,141882
102年 7月,2864903,11286,7458,1152,19317,2275,82015,201885,6163,3572,16799,84216,7490,25185,13509,428626,1414707,254090,130687,154470
102年 8月,2887149,9594,7246,1258,18717,450,79794,188279,4140,3815,15921,80442,6862,25421,23260,428671,1491937,239325,116182,145836
102年 9月,2660556,10800,6133,1156,17220,2142,68158,175618,4048,3991,12077,77089,6013,20906,10656,393097,1351794,235271,112222,152163
102年 10月,2939014,14612,8286,1622,20277,3077,72940,197760,4545,3905,13137,74632,6345,23685,13587,445143,1480314,242683,126841,185623
102年 11月,2718116,12504,9031,708,18767,2405,77187,172977,4333,3364,11395,71053,5529,19212,11004,405700,1360132,236570,122059,174185
102年 12月,2693090,11305,6842,1750,17876,473,78739,191845,4600,2828,10631,72668,6990,19690,6284,423050,1329315,245753,102167,160283
103年,35033279,143873,94082,17906,231417,143774,1121797,2439664,58797,37138,165271,925965,87863,277978,151363,5717671,16860449,3038127,1516601,2003543
103年 1月,2668250,10475,6253,1066,16038,2144,83053,188981,5424,2927,12892,80109,6809,21651,8861,484921,1239868,227657,101213,167908
103年 2月,2164857,8626,6058,1366,13190,262,76953,160538,2780,1444,8787,60651,4396,17097,6767,345542,1049617,192835,92030,115918
103年 3月,2959959,9851,7653,2146,21409,4347,124561,211336,5300,3196,11756,72301,6186,22989,20854,445259,1445275,262895,123955,158690
103年 4月,3041795,10690,7265,1413,23065,41881,90641,218503,4820,2429,14832,74238,7012,22724,16225,476770,1493045,241077,122939,172226
103年 5月,3023713,12056,7202,951,21236,5233,121497,216025,5202,2926,15757,81224,7454,23448,8078,463121,1506557,240194,119355,166197
103年 6月,3082749,12920,9029,1180,21964,3765,85780,204600,6067,3215,17633,76573,7338,23687,11121,491108,1540782,264027,134024,167936
103年 7月,2941669,15461,8609,1738,20878,9022,83819,228407,5606,3364,16511,94798,9291,26668,9399,522561,1332898,266635,116957,169047
103年 8月,3033266,14867,8803,1858,17680,2365,93507,203905,5272,4060,15656,86451,9489,25445,17967,507205,1411433,288434,147831,171038
103年 9月,2909275,13190,7470,1413,15192,5786,87616,192418,4405,3433,12688,76183,8544,23266,10347,456525,1454892,249512,121380,165015
103年 10月,3078678,11702,8558,1099,20632,7082,99992,204240,4722,3340,12921,73651,7523,24673,11164,484927,1502424,267628,146111,186289
103年 11月,3038665,11565,9820,1645,20954,36606,83451,194825,4877,4038,12546,72740,6144,21636,10351,491348,1471598,259269,144060,181192
103年 12月,3090403,12470,7362,2031,19179,25281,90927,215886,4322,2766,13292,77046,7677,24694,20229,548384,1412060,277964,146746,182087
104年,34448479,144962,93123,16014,227776,172621,993592,2542347,60705,41667,181747,876561,98824,290734,129043,5359959,16597061,3159447,1367300,2094996
104年 1月,2892348,10627,7412,1179,17907,3889,99375,203008,5659,4596,13139,79078,6591,23984,10540,529004,1343201,244959,114154,174046
104年 2月,2495202,10971,5615,1464,13756,3704,75477,177513,4494,2642,12384,65896,4615,21307,9590,416362,1178994,225974,110953,153491
104年 3月,2967246,10543,8682,1113,19505,15262,97100,230114,3825,3177,12473,63363,6279,27447,24460,469634,1449484,248463,119568,156754
104年 4月,3080897,14960,8523,1920,23656,22103,87631,230076,4886,3356,19261,71856,7927,24518,10059,491803,1500065,273737,108531,176029
104年 5月,3087350,14278,8592,2002,23728,3212,91703,238840,6202,3630,18774,74348,9360,27864,13031,480162,1469019,286660,134323,181622
104年 6月,2830081,13509,6784,1728,18070,41342,78071,210566,6055,2495,17008,80555,9762,22447,9566,469623,1306550,260488,107629,167833
104年 7月,2973132,11368,7860,1461,19452,9245,84664,217720,5665,2792,15377,88623,10527,24805,10635,486244,1385196,288784,127650,175064
104年 8月,2851962,10652,7346,771,17102,17551,78201,208551,5501,3608,14139,75061,8831,21643,9900,438069,1366094,289239,107689,172014
104年 9月,2891652,11099,7827,676,16425,7523,80449,209785,5127,3857,16090,73701,10330,24075,6713,437255,1411821,272228,111084,185587
104年 10月,2796634,11348,6834,1612,19314,1175,72080,212397,4185,3590,14327,68799,8762,26187,8397,368825,1420192,259150,108595,180865
104年 11月,2705476,11808,10486,867,20020,4471,75735,188635,4360,3237,14301,60720,8000,20828,8809,350113,1389362,246021,106047,181656
104年 12月,2876499,13799,7162,1221,18841,43144,73106,215142,4746,4687,14474,74561,7840,25629,7343,422865,1377083,263744,111077,190035
105年,33396311,149271,92377,15383,246459,56277,1021879,2451120,55029,41418,191603,766349,94150,270547,100746,5097069,16420638,2995887,1260480,2069629
105年 1月,2699938,10956,6442,1319,18075,5923,79254,202013,4489,3092,13909,66255,8833,24106,7780,396642,1329949,240730,97564,182607
105年 2月,2128310,8468,6853,795,13117,15966,74005,158515,3552,2891,10681,51025,5197,15654,6042,303419,1047454,189679,80967,134030
105年 3月,2713409,11720,8022,1563,21554,3947,84704,222496,4685,3218,16345,62495,6606,23351,10123,426495,1282006,259091,98456,166532
105年 4月,2675365,10674,7962,1192,22056,5962,73823,203434,4099,4052,16025,65115,7739,24302,6748,390109,1321355,243244,100737,166737
105年 5月,2827897,13161,6676,1273,21244,1588,90926,205766,5103,3892,17796,62075,8122,22622,7317,434670,1395133,237806,120160,172567
105年 6月,2917685,13662,8782,1694,25106,3057,84589,214599,5010,4252,19236,74101,8492,23460,4903,467165,1408987,260365,112140,178085
105年 7月,2752143,13228,7228,1395,23346,3948,92922,197501,5098,2936,15237,63162,9002,23334,11082,418682,1348976,238123,103369,173574
105年 8月,3020753,15711,9190,1156,19876,3888,82839,223790,5213,3618,18192,75050,10184,24961,14053,455678,1488433,261554,122700,184667
105年 9月,2741541,11756,6485,938,16088,3534,70286,181223,3691,3721,12715,62412,8116,19232,9510,447334,1386907,245084,98613,153896
105年 10月,3047064,12562,7893,1425,23009,4722,90264,217718,4701,3349,16732,60623,7037,24556,8609,454146,1554555,251653,110922,192588
105年 11月,2935198,12631,9367,1561,22854,757,90249,214416,4141,2832,18466,61522,7471,23206,8573,447273,1457086,265508,100850,186435
105年 12月,2937008,14742,7477,1072,20134,2985,108018,209649,5247,3565,16269,62514,7351,21763,6006,455456,1399797,303050,114002,177911
106年,36772593,174585,98548,15972,270227,116529,1247139,2704674,53406,43621,198528,727259,99432,283083,76021,5768530,18319318,3121564,1246793,2207364
106年 1月,2816071,12627,7378,1115,20471,18906,88883,213164,4775,3221,16661,59011,6961,22763,5526,469650,1331725,245723,107178,180333
106年 2月,2323607,9401,6732,874,14781,13294,70782,188325,2738,2432,13301,44984,5171,17813,4666,371053,1139951,210241,81901,125167
106年 3月,2988046,11146,8219,1589,24864,3433,106899,236789,4021,3527,16348,62350,7233,24429,4848,483210,1465611,254970,98548,170012
106年 4月,2890199,11903,7738,1062,23593,12785,108356,221256,4733,3637,15160,52818,7811,23092,8461,432181,1449524,239847,96031,170211
106年 5月,3184760,17169,9238,1823,26774,25708,111763,253368,4760,4981,17725,67675,9902,27212,5299,535077,1489936,280237,101514,194599
106年 6月,3081181,17030,8519,1462,22337,16302,103219,227369,4419,4498,15691,67822,8674,23943,8562,487453,1545180,233985,105546,179170
106年 7月,3262139,18239,7741,1375,25214,2767,117089,222920,5111,3112,17361,66740,9644,23822,4075,550200,1622093,271535,107416,185685
106年 8月,3237604,19086,8830,1307,21848,9183,103950,228621,4899,4605,17815,71288,9134,23051,7230,522185,1600568,276811,107975,199218
106年 9月,3308500,18105,9286,1303,24208,1609,103933,234083,4254,3832,15658,67132,9270,25903,6601,493894,1684161,298169,104906,202193
106年 10月,3053823,14154,7716,878,19465,3513,94775,219527,3776,3104,16066,53339,8351,22429,6588,424259,1604501,248454,112096,190832
106年 11月,3336660,13268,10263,1659,24938,4313,116412,242380,5408,3275,19358,59563,8199,24692,7386,519489,1673408,289462,106174,207013
106年 12月,3290003,12457,6888,1525,21734,4716,121078,216872,4512,3397,17384,54537,9082,23934,6779,479879,1712660,272130,117508,202931
107年,39490380,134939,99621,18356,301113,214982,1300317,2783846,57808,37802,219289,719144,104243,317491,90512,6338190,19548403,3423864,1441274,2339186
107年 1月,3130234,10335,6961,1662,21636,3138,112647,234972,5096,3366,16614,59420,8143,27815,6683,545431,1462249,298040,112620,193406
107年 2月,2611255,8582,5948,1128,18214,31366,112720,188046,3747,3450,15522,44852,7254,22132,5320,406367,1273165,231873,86991,144578
107年 3月,3110872,9362,8514,1679,23556,1975,105253,236309,3368,2541,15667,53082,7316,29055,8866,508533,1521163,288521,115902,170210
107年 4月,2965794,8082,7632,1079,23994,17128,120423,221643,3888,2367,17489,53898,8154,23202,8128,467486,1422981,276904,108872,172444
107年 5月,3619173,11605,9843,1950,32356,53921,109994,263379,4780,3716,20474,62425,9565,30043,8988,612562,1721139,329366,125951,207116
107年 6月,3261852,12826,8636,1241,29545,19600,113821,230645,5119,3188,18197,71944,9246,27240,6323,532170,1584206,273246,124144,190515
107年 7月,3319398,13780,7882,1446,26806,16959,103950,231227,4813,3111,19237,63963,8957,25901,6578,550608,1661264,272056,114452,186408
107年 8月,3314836,11504,8845,1336,24016,19318,115174,233418,5033,3161,18989,67069,9415,26408,6768,548601,1604192,297441,122153,191995
107年 9月,3609833,13080,8221,1725,25177,34152,112850,233998,4864,3177,17908,67616,8434,25267,10812,554500,1820429,311675,132808,223140
107年 10月,3362966,13303,9324,1521,24331,10030,100407,239362,5006,2768,19248,58814,7579,27591,9415,516366,1697498,281292,129409,209702
107年 11月,3467018,10826,9108,1764,27129,4751,86649,228177,5096,3655,21442,55694,9410,26020,6123,536894,1783236,290390,139457,221197
107年 12月,3717149,11654,8707,1825,24353,2644,106429,242670,6998,3302,18502,60367,10770,26817,6508,558672,1996881,273060,128515,228475
108年,46247108,146444,106651,18545,345926,143366,1149725,2912792,129674,39432,245484,700531,108105,367280,131879,6087714,25691168,3564127,1672383,2685882
108年 1月,3792700,10924,8543,1439,24844,31421,89166,251099,6795,3552,18273,59540,9267,28089,10225,609379,1960478,320204,126166,223296
108年 2月,2886863,7228,5948,800,18102,9595,79545,188495,5695,2427,14735,43946,7288,25410,6038,387757,1592319,237113,100622,153800
108年 3月,3906914,11090,10249,1763,29399,4609,91363,267896,9083,3776,19598,55216,9348,33134,10016,571080,2143946,290264,132110,212974
108年 4月,3599584,11076,8258,1170,26207,20955,80279,246127,8240,3913,21232,60043,9109,29234,9804,525742,1917736,295744,117110,207605
108年 5月,3909940,11348,8478,1603,31113,14081,100269,250837,9621,3368,23362,64251,9846,30554,7127,545529,2141766,298698,141562,216527
108年 6月,3891911,14478,10068,1454,35482,9717,116605,252741,11456,3429,22190,65315,10355,32767,10222,538459,2078395,310779,139800,228199
108年 7月,4042458,13620,9810,1837,32820,12162,87299,254282,12721,3611,22443,71510,9626,32221,11413,546884,2233903,296681,152732,236883
108年 8月,4081275,12283,9603,1540,28262,13144,125501,233868,12366,3107,19250,65688,9594,33512,11408,497258,2308336,310835,153663,232057
108年 9月,3915766,13176,8275,1952,27011,7939,98422,234724,13654,2867,19655,57479,8387,30140,12109,479840,2208003,292472,159636,240025
108年 10月,3964911,13350,9798,1023,30217,8367,101890,235780,14061,2827,22227,52545,7994,31755,17714,441148,2283015,292410,146465,252325
108年 11月,4051067,14545,9374,2235,32711,4186,88805,240332,12659,3156,19479,49961,8543,31890,13093,442797,2396309,290528,147860,242604
108年 12月,4203719,13326,8247,1729,29758,7190,90581,256611,13323,3399,23040,55037,8748,28574,12710,501841,2426962,328399,154657,239587
109年,50549921,127655,99765,17911,421972,120785,1273809,3088346,97473,42571,219149,684349,85479,374474,190089,5799418,29258283,3504041,1813127,3331225
109年 1月,3833745,13292,8155,1500,27450,6104,95890,243668,13628,3028,19943,55546,9596,30431,18749,510623,2131056,278967,137102,229017
109年 2月,3407355,11693,7846,1154,24166,15921,96926,221186,8503,1907,17839,42046,5609,29205,13763,404232,1932350,265144,126041,181824
109年 3月,3776743,11584,8617,1222,34829,29075,100466,264304,8428,4025,23525,47696,7554,29190,14767,517355,2057751,269984,133289,213082
109年 4月,3649285,6212,5692,1040,29058,17185,112731,238138,5727,3687,16683,46643,7005,24896,11885,458904,2113963,220584,134815,194437
109年 5月,4269708,8930,7560,1292,34159,11512,119601,241075,6366,3683,16502,60318,7370,28202,12111,477027,2587289,259656,150271,236784
109年 6月,4028784,9784,7647,1631,35297,3936,93126,233219,7539,2928,14952,59410,7635,26999,15598,436077,2417364,261670,149248,244724
109年 7月,4353939,9725,8345,2021,40915,8402,89363,268247,7001,3321,16920,66898,7196,32212,17700,472991,2571201,295013,152337,284131
109年 8月,4648074,12127,9954,1886,44199,4642,114412,274129,8254,4621,18039,67227,6950,35553,15093,505977,2698057,339046,154249,333659
109年 9月,4483042,9256,8436,1449,33940,6743,118855,254038,7616,3836,18284,62601,6920,33379,10337,479153,2634451,324275,148001,321472
109年 10月,4812441,12999,9109,1550,39926,4312,101055,285669,8429,4248,20011,59554,7859,35233,22069,510193,2808315,352158,165798,363954
109年 11月,4766720,11074,11139,1775,44593,6868,113858,294550,7133,3692,19937,60606,5964,35223,26351,534304,2664647,339245,200259,385502
109年 12月,4520085,10979,7265,1391,33440,6085,117526,270123,8849,3595,16514,55804,5821,33951,11666,492582,2641839,298299,161717,342639
110年,65685966,166115,138849,18748,588709,262481,1708279,3872734,139452,50789,268478,819152,113943,446308,181508,8470499,36810792,4660321,2221284,4747525
110年 1月,4671537,12332,9295,1702,33751,11250,128950,266371,9370,3918,16154,59775,6881,36487,14149,571079,2596939,340772,172388,379974
110年 2月,3910225,8159,8590,683,27356,18702,99457,225186,7957,2850,15688,53049,6666,33375,12565,480927,2137058,309603,151626,310728
110年 3月,5084893,13530,10151,1000,44024,5228,146888,311945,8051,4010,22663,61411,8686,42326,11586,634856,2777473,385426,179277,416362
110年 4月,4928785,13779,9851,1270,48449,5708,140794,314361,8831,3660,19711,57348,7906,33425,16639,590756,2724578,379767,166958,384994
110年 5月,5435771,15918,11331,1356,58617,63344,142698,335187,11865,3814,26221,67784,8336,34415,18117,682748,2978427,363415,180583,431595
110年 6月,5420457,16619,11218,2835,60407,75469,134723,349758,10784,4777,23349,74066,11063,41281,23049,700021,2949529,382582,167195,381732
110年 7月,5574126,14257,13219,1595,56922,20714,134475,323350,11536,3948,21669,75805,11003,34738,16653,756394,3140658,405615,158820,372755
110年 8月,5994154,12547,13317,1190,57431,10036,157818,356377,16164,5690,27065,85297,11175,44353,18948,766984,3383456,412239,196244,417823
110年 9月,5986684,12740,12952,1657,48034,11308,182151,352590,12471,3895,23731,76857,11146,38467,15453,749159,3365243,428959,240127,399744
110年 10月,6219149,16721,12738,2133,53994,4277,155881,338714,16567,4134,21258,66855,10350,35017,11812,833580,3606044,394867,193188,441019
110年 11月,6634614,16833,15850,1587,57135,5062,152341,416036,13023,6370,27870,74989,11988,42023,10467,990721,3654619,459827,218325,459548
110年 12月,5825571,12680,10337,1740,42589,31383,132103,282859,12833,3723,23099,65916,8743,30401,12070,713274,3496768,397249,196553,351251
111年,75052059,149612,131504,25174,601875,335302,2082080,3981532,156891,52737,299336,791184,125773,415386,112503,9482499,44587629,5987831,2539462,3193749
111年 1月,6268224,14854,9621,2123,46182,32742,174353,353723,17359,4863,24891,73638,12073,33989,9230,919048,3428555,548707,218043,344230
111年 2月,5486591,11836,10509,1628,42403,38960,134284,363731,14904,5407,22538,66589,9102,34933,8740,721301,3050871,500174,162399,286282
111年 3月,6942220,12421,11006,3473,63853,21126,172701,387641,15094,5416,29158,64595,12086,40788,11174,900842,4044618,627500,212145,306583
111年 4月,6236603,13541,9624,1974,53519,6996,184791,350904,14899,5013,25151,69945,9498,38355,11371,808295,3639279,490774,230749,271925
111年 5月,6280273,13452,13209,2960,61067,34407,188042,356970,14645,4018,29933,74223,14217,39763,10460,843543,3516460,586090,185997,290817
111年 6月,6937451,12064,11951,2353,58236,117463,189563,399665,16127,4430,30244,85166,11396,40954,9706,875200,3928672,663570,201983,278708
111年 7月,6955376,12746,11750,1075,46783,29664,253877,339271,14499,4258,26691,77848,11200,36309,10933,872189,4159779,545112,232932,268460
111年 8月,6125175,12787,10864,1874,44160,5098,166039,320628,14735,3283,28011,68452,11896,32374,8558,828612,3631388,447302,238185,250929
111年 9月,5859421,10813,10410,2124,50015,14197,158266,299648,9427,3704,23387,61178,10060,31006,9560,705253,3581602,424653,215199,238919
111年 10月,6412398,13638,12358,2588,51895,11876,189054,275269,7890,3481,20218,50352,10210,28023,6292,690123,4180418,399267,231206,228240
111年 11月,5876413,11405,11801,2126,46843,6267,126310,274620,8392,4667,21124,51749,8216,28005,10625,690077,3735423,406029,205637,227097
111年 12月,5671914,10055,8401,876,36919,16506,144800,259462,8920,4197,17990,47449,5819,30887,5854,628016,3690564,348653,204987,201559
112年,76234038,138387,131876,19850,604147,403755,1926638,3112327,103093,41728,252123,594744,84868,367668,105851,6923112,52418686,4126326,2282183,2596676
112年 1月,5363014,11226,9493,2314,39841,27312,171275,272198,10508,4466,20796,50405,8047,27231,3551,691079,3207810,397718,197434,210310
112年 2月,4732625,8925,8407,950,31683,45635,282987,196218,6248,3544,16907,37374,5013,24363,5768,479019,2959308,297875,172834,149567
112年 3月,5502593,10765,9746,1858,46906,62441,126229,244702,6386,3380,21978,44791,6345,31969,5015,580127,3559217,341175,201729,197834
112年 4月,5593391,11959,11730,1772,53957,70563,135388,275056,7442,3950,22417,52273,7335,31900,7473,570524,3556739,374866,184441,213606
112年 5月,6073690,11697,12314,1758,65674,44225,124226,298635,11282,3481,24155,56816,7234,36926,14084,638003,3897824,398894,192731,233731
112年 6月,5194364,12207,10821,1340,57108,30682,135260,256107,7015,2751,16863,56231,7851,29020,9050,546950,3277589,318561,192970,225988
112年 7月,6725402,11444,12813,1810,50922,39177,156614,254580,10098,2881,20026,56711,7806,28938,10698,571053,4713268,325187,232899,218477
112年 8月,6658924,12546,12261,1489,54315,28538,169076,288664,9499,3142,22937,58638,8345,35915,8173,575837,4556215,365557,188820,258957
112年 9月,6897116,12420,12091,1533,45023,50270,253918,249642,8389,3385,21049,44292,7483,30279,10074,552961,4844977,332703,187317,229310
112年 10月,7181631,12214,10024,1378,48693,3061,105303,247150,8842,3512,21258,41825,5796,30491,10370,501470,5460909,315220,150044,204071
112年 11月,7822063,11549,11610,1822,55637,581,127650,256061,6475,3769,22753,46762,7689,29731,12710,559589,5936090,322880,187011,221694
112年 12月,8489225,11435,10566,1826,54388,1270,138712,273314,10909,3467,20984,48626,5924,30905,8885,656500,6448740,335690,193953,233131
113年 (1~11月),101525200,139410,118082,22150,541541,340641,1764296,2910848,90833,46695,233724,558367,72729,380528,115407,6436777,80048452,3420121,2010597,2274002
113年 1月,8396575,13122,10306,1622,47642,17243,134062,258014,7459,4653,24028,47732,6390,32242,8470,610230,6400815,366905,190871,214769
113年 2月,7112061,8109,6592,1448,32626,52257,128737,200695,6977,3112,15591,34449,3934,31484,6860,472975,5561246,230486,148998,165485
113年 3月,9116219,11985,12188,2094,53483,69755,171753,279356,6943,3576,21059,47409,7319,37250,14054,604018,7074718,304285,179586,215388
113年 4月,10155247,10922,10180,2192,51403,29707,147828,263338,7807,2926,23170,45280,5994,30006,12277,569236,8289221,297864,159606,196290
113年 5月,8280703,12399,11021,2059,55741,79022,191273,284230,8321,4233,23264,57418,7293,33223,12496,628485,6168444,306592,171790,223399
113年 6月,9049558,15783,11979,2243,57135,49743,161411,288821,10437,5816,24186,57699,7547,36814,10205,604853,6938817,330023,220857,215189
113年 7月,11451400,13210,10570,2045,50268,17515,185505,252959,9093,3532,18570,56976,7621,34063,9437,581944,9507094,286550,198819,205629
113年 8月,11882797,13445,12719,2073,52334,13511,208393,309228,10857,5022,22968,68132,7723,42380,8090,669631,9618446,383022,202372,232451
113年 9月,8780827,13210,8984,1733,41644,1346,173770,250127,8921,5229,18510,47921,6018,33641,13229,554794,6891538,320625,186896,202691
113年 10月,8649719,12601,10905,2439,46993,8550,129010,253296,5516,3539,19361,45188,6058,35027,10465,541192,6879995,276356,164993,198235
113年 11月,8650094,14624,12638,2202,52272,1992,132554,270784,8502,5057,23017,50163,6832,34398,9824,599419,6718118,317413,185809,204476
